-- MySQL dump 10.13  Distrib 5.7.12, for osx10.9 (x86_64)
--
-- Host: 127.0.0.1    Database: yii2-starter-kit-test
-- ------------------------------------------------------
-- Server version	5.7.16

/*!40101 SET @OLD_CHARACTER_SET_CLIENT=@@CHARACTER_SET_CLIENT */;
/*!40101 SET @OLD_CHARACTER_SET_RESULTS=@@CHARACTER_SET_RESULTS */;
/*!40101 SET @OLD_COLLATION_CONNECTION=@@COLLATION_CONNECTION */;
/*!40101 SET NAMES utf8 */;
/*!40103 SET @OLD_TIME_ZONE=@@TIME_ZONE */;
/*!40103 SET TIME_ZONE='+00:00' */;
/*!40014 SET @OLD_UNIQUE_CHECKS=@@UNIQUE_CHECKS, UNIQUE_CHECKS=0 */;
/*!40014 SET @OLD_FOREIGN_KEY_CHECKS=@@FOREIGN_KEY_CHECKS, FOREIGN_KEY_CHECKS=0 */;
/*!40101 SET @OLD_SQL_MODE=@@SQL_MODE, SQL_MODE='NO_AUTO_VALUE_ON_ZERO' */;
/*!40111 SET @OLD_SQL_NOTES=@@SQL_NOTES, SQL_NOTES=0 */;

--
-- Table structure for table `article`
--

DROP TABLE IF EXISTS `article`;
/*!40101 SET @saved_cs_client     = @@character_set_client */;
/*!40101 SET character_set_client = utf8 */;
CREATE TABLE `article` (
  `id` int(11) NOT NULL AUTO_INCREMENT,
  `slug` varchar(1024) COLLATE utf8_unicode_ci NOT NULL,
  `title` varchar(512) COLLATE utf8_unicode_ci NOT NULL,
  `body` text COLLATE utf8_unicode_ci NOT NULL,
  `view` varchar(255) COLLATE utf8_unicode_ci DEFAULT NULL,
  `category_id` int(11) DEFAULT NULL,
  `thumbnail_base_url` varchar(1024) COLLATE utf8_unicode_ci DEFAULT NULL,
  `thumbnail_path` varchar(1024) COLLATE utf8_unicode_ci DEFAULT NULL,
  `status` smallint(6) NOT NULL DEFAULT '0',
  `created_by` int(11) DEFAULT NULL,
  `updated_by` int(11) DEFAULT NULL,
  `published_at` int(11) DEFAULT NULL,
  `created_at` int(11) DEFAULT NULL,
  `updated_at` int(11) DEFAULT NULL,
  PRIMARY KEY (`id`),
  UNIQUE KEY `idx_article_slug` (`slug`),
  KEY `fk_article_author` (`created_by`),
  KEY `fk_article_updater` (`updated_by`),
  KEY `fk_article_category` (`category_id`),
  CONSTRAINT `fk_article_author` FOREIGN KEY (`created_by`) REFERENCES `user` (`id`) ON DELETE CASCADE ON UPDATE CASCADE,
  CONSTRAINT `fk_article_category` FOREIGN KEY (`category_id`) REFERENCES `article_category` (`id`) ON DELETE CASCADE ON UPDATE CASCADE,
  CONSTRAINT `fk_article_updater` FOREIGN KEY (`updated_by`) REFERENCES `user` (`id`) ON DELETE SET NULL ON UPDATE CASCADE
) ENGINE=InnoDB DEFAULT CHARSET=utf8 COLLATE=utf8_unicode_ci;
/*!40101 SET character_set_client = @saved_cs_client */;

--
-- Dumping data for table `article`
--

LOCK TABLES `article` WRITE;
/*!40000 ALTER TABLE `article` DISABLE KEYS */;
/*!40000 ALTER TABLE `article` ENABLE KEYS */;
UNLOCK TABLES;

--
-- Table structure for table `article_attachment`
--

DROP TABLE IF EXISTS `article_attachment`;
/*!40101 SET @saved_cs_client     = @@character_set_client */;
/*!40101 SET character_set_client = utf8 */;
CREATE TABLE `article_attachment` (
  `id` int(11) NOT NULL AUTO_INCREMENT,
  `article_id` int(11) NOT NULL,
  `path` varchar(255) COLLATE utf8_unicode_ci NOT NULL,
  `base_url` varchar(255) COLLATE utf8_unicode_ci DEFAULT NULL,
  `type` varchar(255) COLLATE utf8_unicode_ci DEFAULT NULL,
  `size` int(11) DEFAULT NULL,
  `name` varchar(255) COLLATE utf8_unicode_ci DEFAULT NULL,
  `created_at` int(11) DEFAULT NULL,
  `order` int(11) DEFAULT NULL,
  PRIMARY KEY (`id`),
  KEY `fk_article_attachment_article` (`article_id`),
  CONSTRAINT `fk_article_attachment_article` FOREIGN KEY (`article_id`) REFERENCES `article` (`id`) ON DELETE CASCADE ON UPDATE CASCADE
) ENGINE=InnoDB DEFAULT CHARSET=utf8 COLLATE=utf8_unicode_ci;
/*!40101 SET character_set_client = @saved_cs_client */;

--
-- Dumping data for table `article_attachment`
--

LOCK TABLES `article_attachment` WRITE;
/*!40000 ALTER TABLE `article_attachment` DISABLE KEYS */;
/*!40000 ALTER TABLE `article_attachment` ENABLE KEYS */;
UNLOCK TABLES;

--
-- Table structure for table `article_category`
--

DROP TABLE IF EXISTS `article_category`;
/*!40101 SET @saved_cs_client     = @@character_set_client */;
/*!40101 SET character_set_client = utf8 */;
CREATE TABLE `article_category` (
  `id` int(11) NOT NULL AUTO_INCREMENT,
  `slug` varchar(1024) COLLATE utf8_unicode_ci NOT NULL,
  `title` varchar(512) COLLATE utf8_unicode_ci NOT NULL,
  `body` text COLLATE utf8_unicode_ci,
  `parent_id` int(11) DEFAULT NULL,
  `status` smallint(6) NOT NULL DEFAULT '0',
  `created_at` int(11) DEFAULT NULL,
  `updated_at` int(11) DEFAULT NULL,
  PRIMARY KEY (`id`),
  KEY `fk_article_category_section` (`parent_id`),
  CONSTRAINT `fk_article_category_section` FOREIGN KEY (`parent_id`) REFERENCES `article_category` (`id`) ON DELETE CASCADE ON UPDATE CASCADE
) ENGINE=InnoDB AUTO_INCREMENT=2 DEFAULT CHARSET=utf8 COLLATE=utf8_unicode_ci;
/*!40101 SET character_set_client = @saved_cs_client */;

--
-- Dumping data for table `article_category`
--

LOCK TABLES `article_category` WRITE;
/*!40000 ALTER TABLE `article_category` DISABLE KEYS */;
INSERT INTO `article_category` (`id`, `slug`, `title`, `body`, `parent_id`, `status`, `created_at`, `updated_at`) VALUES (1,'news','News',NULL,NULL,1,1477423860,NULL);
/*!40000 ALTER TABLE `article_category` ENABLE KEYS */;
UNLOCK TABLES;

--
-- Table structure for table `file_storage_item`
--

DROP TABLE IF EXISTS `file_storage_item`;
/*!40101 SET @saved_cs_client     = @@character_set_client */;
/*!40101 SET character_set_client = utf8 */;
CREATE TABLE `file_storage_item` (
  `id` int(11) NOT NULL AUTO_INCREMENT,
  `component` varchar(255) NOT NULL,
  `base_url` varchar(1024) NOT NULL,
  `path` varchar(1024) NOT NULL,
  `type` varchar(255) DEFAULT NULL,
  `size` int(11) DEFAULT NULL,
  `name` varchar(255) DEFAULT NULL,
  `upload_ip` varchar(15) DEFAULT NULL,
  `created_at` int(11) NOT NULL,
  PRIMARY KEY (`id`)
) ENGINE=InnoDB DEFAULT CHARSET=utf8;
/*!40101 SET character_set_client = @saved_cs_client */;

--
-- Dumping data for table `file_storage_item`
--

LOCK TABLES `file_storage_item` WRITE;
/*!40000 ALTER TABLE `file_storage_item` DISABLE KEYS */;
/*!40000 ALTER TABLE `file_storage_item` ENABLE KEYS */;
UNLOCK TABLES;

--
-- Table structure for table `i18n_message`
--

DROP TABLE IF EXISTS `i18n_message`;
/*!40101 SET @saved_cs_client     = @@character_set_client */;
/*!40101 SET character_set_client = utf8 */;
CREATE TABLE `i18n_message` (
  `id` int(11) NOT NULL,
  `language` varchar(16) COLLATE utf8_unicode_ci NOT NULL,
  `translation` text COLLATE utf8_unicode_ci,
  PRIMARY KEY (`id`,`language`),
  CONSTRAINT `fk_i18n_message_source_message` FOREIGN KEY (`id`) REFERENCES `i18n_source_message` (`id`) ON DELETE CASCADE
) ENGINE=InnoDB DEFAULT CHARSET=utf8 COLLATE=utf8_unicode_ci;
/*!40101 SET character_set_client = @saved_cs_client */;

--
-- Dumping data for table `i18n_message`
--

LOCK TABLES `i18n_message` WRITE;
/*!40000 ALTER TABLE `i18n_message` DISABLE KEYS */;
/*!40000 ALTER TABLE `i18n_message` ENABLE KEYS */;
UNLOCK TABLES;

--
-- Table structure for table `i18n_source_message`
--

DROP TABLE IF EXISTS `i18n_source_message`;
/*!40101 SET @saved_cs_client     = @@character_set_client */;
/*!40101 SET character_set_client = utf8 */;
CREATE TABLE `i18n_source_message` (
  `id` int(11) NOT NULL AUTO_INCREMENT,
  `category` varchar(32) COLLATE utf8_unicode_ci DEFAULT NULL,
  `message` text COLLATE utf8_unicode_ci,
  PRIMARY KEY (`id`)
) ENGINE=InnoDB DEFAULT CHARSET=utf8 COLLATE=utf8_unicode_ci;
/*!40101 SET character_set_client = @saved_cs_client */;

--
-- Dumping data for table `i18n_source_message`
--

LOCK TABLES `i18n_source_message` WRITE;
/*!40000 ALTER TABLE `i18n_source_message` DISABLE KEYS */;
/*!40000 ALTER TABLE `i18n_source_message` ENABLE KEYS */;
UNLOCK TABLES;

--
-- Table structure for table `key_storage_item`
--

DROP TABLE IF EXISTS `key_storage_item`;
/*!40101 SET @saved_cs_client     = @@character_set_client */;
/*!40101 SET character_set_client = utf8 */;
CREATE TABLE `key_storage_item` (
  `key` varchar(128) COLLATE utf8_unicode_ci NOT NULL,
  `value` text COLLATE utf8_unicode_ci NOT NULL,
  `comment` text COLLATE utf8_unicode_ci,
  `updated_at` int(11) DEFAULT NULL,
  `created_at` int(11) DEFAULT NULL,
  PRIMARY KEY (`key`),
  UNIQUE KEY `idx_key_storage_item_key` (`key`)
) ENGINE=InnoDB DEFAULT CHARSET=utf8 COLLATE=utf8_unicode_ci;
/*!40101 SET character_set_client = @saved_cs_client */;

--
-- Dumping data for table `key_storage_item`
--

LOCK TABLES `key_storage_item` WRITE;
/*!40000 ALTER TABLE `key_storage_item` DISABLE KEYS */;
INSERT INTO `key_storage_item` (`key`, `value`, `comment`, `updated_at`, `created_at`) VALUES ('backend.layout-boxed','0',NULL,NULL,NULL),('backend.layout-collapsed-sidebar','0',NULL,NULL,NULL),('backend.layout-fixed','0',NULL,NULL,NULL),('backend.theme-skin','skin-blue','skin-blue, skin-black, skin-purple, skin-green, skin-red, skin-yellow',NULL,NULL),('frontend.maintenance','disabled','Set it to \"true\" to turn on maintenance mode',NULL,NULL);
/*!40000 ALTER TABLE `key_storage_item` ENABLE KEYS */;
UNLOCK TABLES;

--
-- Table structure for table `page`
--

DROP TABLE IF EXISTS `page`;
/*!40101 SET @saved_cs_client     = @@character_set_client */;
/*!40101 SET character_set_client = utf8 */;
CREATE TABLE `page` (
  `id` int(11) NOT NULL AUTO_INCREMENT,
  `slug` varchar(2048) COLLATE utf8_unicode_ci NOT NULL,
  `title` varchar(512) COLLATE utf8_unicode_ci NOT NULL,
  `body` text COLLATE utf8_unicode_ci NOT NULL,
  `view` varchar(255) COLLATE utf8_unicode_ci DEFAULT NULL,
  `status` smallint(6) NOT NULL,
  `created_at` int(11) DEFAULT NULL,
  `updated_at` int(11) DEFAULT NULL,
  PRIMARY KEY (`id`)
) ENGINE=InnoDB AUTO_INCREMENT=2 DEFAULT CHARSET=utf8 COLLATE=utf8_unicode_ci;
/*!40101 SET character_set_client = @saved_cs_client */;

--
-- Dumping data for table `page`
--

LOCK TABLES `page` WRITE;
/*!40000 ALTER TABLE `page` DISABLE KEYS */;
INSERT INTO `page` (`id`, `slug`, `title`, `body`, `view`, `status`, `created_at`, `updated_at`) VALUES (1,'about','About','Lorem ipsum dolor sit amet, consectetur adipiscing elit.',NULL,1,1477423860,1477423860);
/*!40000 ALTER TABLE `page` ENABLE KEYS */;
UNLOCK TABLES;

--
-- Table structure for table `rbac_auth_assignment`
--

DROP TABLE IF EXISTS `rbac_auth_assignment`;
/*!40101 SET @saved_cs_client     = @@character_set_client */;
/*!40101 SET character_set_client = utf8 */;
CREATE TABLE `rbac_auth_assignment` (
  `item_name` varchar(64) COLLATE utf8_unicode_ci NOT NULL,
  `user_id` varchar(64) COLLATE utf8_unicode_ci NOT NULL,
  `created_at` int(11) DEFAULT NULL,
  PRIMARY KEY (`item_name`,`user_id`),
  CONSTRAINT `rbac_auth_assignment_ibfk_1` FOREIGN KEY (`item_name`) REFERENCES `rbac_auth_item` (`name`) ON DELETE CASCADE ON UPDATE CASCADE
) ENGINE=InnoDB DEFAULT CHARSET=utf8 COLLATE=utf8_unicode_ci;
/*!40101 SET character_set_client = @saved_cs_client */;

--
-- Dumping data for table `rbac_auth_assignment`
--

LOCK TABLES `rbac_auth_assignment` WRITE;
/*!40000 ALTER TABLE `rbac_auth_assignment` DISABLE KEYS */;
INSERT INTO `rbac_auth_assignment` (`item_name`, `user_id`, `created_at`) VALUES ('administrator','1',1477423861),('manager','2',1477423861),('user','3',1477423861);
/*!40000 ALTER TABLE `rbac_auth_assignment` ENABLE KEYS */;
UNLOCK TABLES;

--
-- Table structure for table `rbac_auth_item`
--

DROP TABLE IF EXISTS `rbac_auth_item`;
/*!40101 SET @saved_cs_client     = @@character_set_client */;
/*!40101 SET character_set_client = utf8 */;
CREATE TABLE `rbac_auth_item` (
  `name` varchar(64) COLLATE utf8_unicode_ci NOT NULL,
  `type` int(11) NOT NULL,
  `description` text COLLATE utf8_unicode_ci,
  `rule_name` varchar(64) COLLATE utf8_unicode_ci DEFAULT NULL,
  `data` text COLLATE utf8_unicode_ci,
  `created_at` int(11) DEFAULT NULL,
  `updated_at` int(11) DEFAULT NULL,
  PRIMARY KEY (`name`),
  KEY `rule_name` (`rule_name`),
  KEY `idx-auth_item-type` (`type`),
  CONSTRAINT `rbac_auth_item_ibfk_1` FOREIGN KEY (`rule_name`) REFERENCES `rbac_auth_rule` (`name`) ON DELETE SET NULL ON UPDATE CASCADE
) ENGINE=InnoDB DEFAULT CHARSET=utf8 COLLATE=utf8_unicode_ci;
/*!40101 SET character_set_client = @saved_cs_client */;

--
-- Dumping data for table `rbac_auth_item`
--

LOCK TABLES `rbac_auth_item` WRITE;
/*!40000 ALTER TABLE `rbac_auth_item` DISABLE KEYS */;
INSERT INTO `rbac_auth_item` (`name`, `type`, `description`, `rule_name`, `data`, `created_at`, `updated_at`) VALUES ('administrator',1,NULL,NULL,NULL,1477423861,1477423861),('editOwnModel',2,NULL,'ownModelRule',NULL,1477423861,1477423861),('loginToBackend',2,NULL,NULL,NULL,1477423861,1477423861),('manager',1,NULL,NULL,NULL,1477423861,1477423861),('user',1,NULL,NULL,NULL,1477423861,1477423861);
/*!40000 ALTER TABLE `rbac_auth_item` ENABLE KEYS */;
UNLOCK TABLES;

--
-- Table structure for table `rbac_auth_item_child`
--

DROP TABLE IF EXISTS `rbac_auth_item_child`;
/*!40101 SET @saved_cs_client     = @@character_set_client */;
/*!40101 SET character_set_client = utf8 */;
CREATE TABLE `rbac_auth_item_child` (
  `parent` varchar(64) COLLATE utf8_unicode_ci NOT NULL,
  `child` varchar(64) COLLATE utf8_unicode_ci NOT NULL,
  PRIMARY KEY (`parent`,`child`),
  KEY `child` (`child`),
  CONSTRAINT `rbac_auth_item_child_ibfk_1` FOREIGN KEY (`parent`) REFERENCES `rbac_auth_item` (`name`) ON DELETE CASCADE ON UPDATE CASCADE,
  CONSTRAINT `rbac_auth_item_child_ibfk_2` FOREIGN KEY (`child`) REFERENCES `rbac_auth_item` (`name`) ON DELETE CASCADE ON UPDATE CASCADE
) ENGINE=InnoDB DEFAULT CHARSET=utf8 COLLATE=utf8_unicode_ci;
/*!40101 SET character_set_client = @saved_cs_client */;

--
-- Dumping data for table `rbac_auth_item_child`
--

LOCK TABLES `rbac_auth_item_child` WRITE;
/*!40000 ALTER TABLE `rbac_auth_item_child` DISABLE KEYS */;
INSERT INTO `rbac_auth_item_child` (`parent`, `child`) VALUES ('user','editOwnModel'),('manager','loginToBackend'),('administrator','manager'),('manager','user');
/*!40000 ALTER TABLE `rbac_auth_item_child` ENABLE KEYS */;
UNLOCK TABLES;

--
-- Table structure for table `rbac_auth_rule`
--

DROP TABLE IF EXISTS `rbac_auth_rule`;
/*!40101 SET @saved_cs_client     = @@character_set_client */;
/*!40101 SET character_set_client = utf8 */;
CREATE TABLE `rbac_auth_rule` (
  `name` varchar(64) COLLATE utf8_unicode_ci NOT NULL,
  `data` text COLLATE utf8_unicode_ci,
  `created_at` int(11) DEFAULT NULL,
  `updated_at` int(11) DEFAULT NULL,
  PRIMARY KEY (`name`)
) ENGINE=InnoDB DEFAULT CHARSET=utf8 COLLATE=utf8_unicode_ci;
/*!40101 SET character_set_client = @saved_cs_client */;

--
-- Dumping data for table `rbac_auth_rule`
--

LOCK TABLES `rbac_auth_rule` WRITE;
/*!40000 ALTER TABLE `rbac_auth_rule` DISABLE KEYS */;
INSERT INTO `rbac_auth_rule` (`name`, `data`, `created_at`, `updated_at`) VALUES ('ownModelRule','O:29:\"common\\rbac\\rule\\OwnModelRule\":3:{s:4:\"name\";s:12:\"ownModelRule\";s:9:\"createdAt\";i:1477423861;s:9:\"updatedAt\";i:1477423861;}',1477423861,1477423861);
/*!40000 ALTER TABLE `rbac_auth_rule` ENABLE KEYS */;
UNLOCK TABLES;

--
-- Table structure for table `system_db_migration`
--

DROP TABLE IF EXISTS `system_db_migration`;
/*!40101 SET @saved_cs_client     = @@character_set_client */;
/*!40101 SET character_set_client = utf8 */;
CREATE TABLE `system_db_migration` (
  `version` varchar(180) NOT NULL,
  `apply_time` int(11) DEFAULT NULL,
  PRIMARY KEY (`version`)
) ENGINE=InnoDB DEFAULT CHARSET=latin1;
/*!40101 SET character_set_client = @saved_cs_client */;

--
-- Dumping data for table `system_db_migration`
--

LOCK TABLES `system_db_migration` WRITE;
/*!40000 ALTER TABLE `system_db_migration` DISABLE KEYS */;
INSERT INTO `system_db_migration` (`version`, `apply_time`) VALUES ('m000000_000000_base',1477423853),('m140703_123000_user',1477423854),('m140703_123055_log',1477423854),('m140703_123104_page',1477423854),('m140703_123803_article',1477423856),('m140703_123813_rbac',1477423856),('m140709_173306_widget_menu',1477423856),('m140709_173333_widget_text',1477423857),('m140712_123329_widget_carousel',1477423857),('m140805_084745_key_storage_item',1477423858),('m141012_101932_i18n_tables',1477423858),('m150318_213934_file_storage_item',1477423858),('m150414_195800_timeline_event',1477423858),('m150725_192740_seed_data',1477423860),('m150929_074021_article_attachment_order',1477423860),('m160203_095604_user_token',1477423861);
/*!40000 ALTER TABLE `system_db_migration` ENABLE KEYS */;
UNLOCK TABLES;

--
-- Table structure for table `system_log`
--

DROP TABLE IF EXISTS `system_log`;
/*!40101 SET @saved_cs_client     = @@character_set_client */;
/*!40101 SET character_set_client = utf8 */;
CREATE TABLE `system_log` (
  `id` bigint(20) NOT NULL AUTO_INCREMENT,
  `level` int(11) DEFAULT NULL,
  `category` varchar(255) COLLATE utf8_unicode_ci DEFAULT NULL,
  `log_time` double DEFAULT NULL,
  `prefix` text COLLATE utf8_unicode_ci,
  `message` text COLLATE utf8_unicode_ci,
  PRIMARY KEY (`id`),
  KEY `idx_log_level` (`level`),
  KEY `idx_log_category` (`category`)
) ENGINE=InnoDB DEFAULT CHARSET=utf8 COLLATE=utf8_unicode_ci;
/*!40101 SET character_set_client = @saved_cs_client */;

--
-- Dumping data for table `system_log`
--

LOCK TABLES `system_log` WRITE;
/*!40000 ALTER TABLE `system_log` DISABLE KEYS */;
/*!40000 ALTER TABLE `system_log` ENABLE KEYS */;
UNLOCK TABLES;

--
-- Table structure for table `system_rbac_migration`
--

DROP TABLE IF EXISTS `system_rbac_migration`;
/*!40101 SET @saved_cs_client     = @@character_set_client */;
/*!40101 SET character_set_client = utf8 */;
CREATE TABLE `system_rbac_migration` (
  `version` varchar(180) NOT NULL,
  `apply_time` int(11) DEFAULT NULL,
  PRIMARY KEY (`version`)
) ENGINE=InnoDB DEFAULT CHARSET=latin1;
/*!40101 SET character_set_client = @saved_cs_client */;

--
-- Dumping data for table `system_rbac_migration`
--

LOCK TABLES `system_rbac_migration` WRITE;
/*!40000 ALTER TABLE `system_rbac_migration` DISABLE KEYS */;
INSERT INTO `system_rbac_migration` (`version`, `apply_time`) VALUES ('m000000_000000_base',1477423861),('m150625_214101_roles',1477423861),('m150625_215624_init_permissions',1477423861),('m151223_074604_edit_own_model',1477423861);
/*!40000 ALTER TABLE `system_rbac_migration` ENABLE KEYS */;
UNLOCK TABLES;

--
-- Table structure for table `timeline_event`
--

DROP TABLE IF EXISTS `timeline_event`;
/*!40101 SET @saved_cs_client     = @@character_set_client */;
/*!40101 SET character_set_client = utf8 */;
CREATE TABLE `timeline_event` (
  `id` int(11) NOT NULL AUTO_INCREMENT,
  `application` varchar(64) COLLATE utf8_unicode_ci NOT NULL,
  `category` varchar(64) COLLATE utf8_unicode_ci NOT NULL,
  `event` varchar(64) COLLATE utf8_unicode_ci NOT NULL,
  `data` text COLLATE utf8_unicode_ci,
  `created_at` int(11) NOT NULL,
  PRIMARY KEY (`id`),
  KEY `idx_created_at` (`created_at`)
) ENGINE=InnoDB AUTO_INCREMENT=4 DEFAULT CHARSET=utf8 COLLATE=utf8_unicode_ci;
/*!40101 SET character_set_client = @saved_cs_client */;

--
-- Dumping data for table `timeline_event`
--

LOCK TABLES `timeline_event` WRITE;
/*!40000 ALTER TABLE `timeline_event` DISABLE KEYS */;
INSERT INTO `timeline_event` (`id`, `application`, `category`, `event`, `data`, `created_at`) VALUES (1,'frontend','user','signup','{\"public_identity\":\"webmaster\",\"user_id\":1,\"created_at\":1477423858}',1477423858),(2,'frontend','user','signup','{\"public_identity\":\"manager\",\"user_id\":2,\"created_at\":1477423858}',1477423858),(3,'frontend','user','signup','{\"public_identity\":\"user\",\"user_id\":3,\"created_at\":1477423858}',1477423858);
/*!40000 ALTER TABLE `timeline_event` ENABLE KEYS */;
UNLOCK TABLES;

--
-- Table structure for table `user`
--

DROP TABLE IF EXISTS `user`;
/*!40101 SET @saved_cs_client     = @@character_set_client */;
/*!40101 SET character_set_client = utf8 */;
CREATE TABLE `user` (
  `id` int(11) NOT NULL AUTO_INCREMENT,
  `username` varchar(32) COLLATE utf8_unicode_ci DEFAULT NULL,
  `auth_key` varchar(32) COLLATE utf8_unicode_ci NOT NULL,
  `access_token` varchar(40) COLLATE utf8_unicode_ci NOT NULL,
  `password_hash` varchar(255) COLLATE utf8_unicode_ci NOT NULL,
  `oauth_client` varchar(255) COLLATE utf8_unicode_ci DEFAULT NULL,
  `oauth_client_user_id` varchar(255) COLLATE utf8_unicode_ci DEFAULT NULL,
  `email` varchar(255) COLLATE utf8_unicode_ci NOT NULL,
  `status` smallint(6) NOT NULL DEFAULT '2',
  `created_at` int(11) DEFAULT NULL,
  `updated_at` int(11) DEFAULT NULL,
  `logged_at` int(11) DEFAULT NULL,
  PRIMARY KEY (`id`)
) ENGINE=InnoDB AUTO_INCREMENT=5 DEFAULT CHARSET=utf8 COLLATE=utf8_unicode_ci;
/*!40101 SET character_set_client = @saved_cs_client */;

--
-- Dumping data for table `user`
--

LOCK TABLES `user` WRITE;
/*!40000 ALTER TABLE `user` DISABLE KEYS */;
INSERT INTO `user` (`id`, `username`, `auth_key`, `access_token`, `password_hash`, `oauth_client`, `oauth_client_user_id`, `email`, `status`, `created_at`, `updated_at`, `logged_at`) VALUES (1,'webmaster','-xBvPfLzteKXZTz3pBfc9TYKldQBADBb','7g0u-fRciVdOCEyU6vYV3vmzildu_dnLRKtiTm9h','$2y$13$TDHF3whul3yJxuL8K.IYeuWJVqi.RJownmRVDhvW70gHycGesmb7e',NULL,NULL,'webmaster@example.com',2,1477423859,1477423859,NULL),(2,'manager','n6iR1IN1fsELQ79p6-1uXQO81uh4xiG-','C2VfBaBCy3SYCgI2-j4FcIr1Z33v2Tr6uxgBPSvT','$2y$13$rq/Ywpk2MPLQ0/zb.bYJWusNdDKjReq6uOJqGj.nTRafv1jkLBc3i',NULL,NULL,'manager@example.com',2,1477423860,1477423860,NULL),(3,'user','0Err5M1EPbbuggbdgFL7nqvy0pbZ0g3e','FHk1qX5o3r9BkJdqRty1jS3Z32mT5GzVyqhjYVZw','$2y$13$3nojgmXFgBZg2Uei7jaZEO7f424aIX5LU2a8pLna38rDaYAdvgcVa',NULL,NULL,'user@example.com',2,1477423860,1477423860,NULL),(4,'&lt;p&gt;xss;&lt;/p&gt;','jqy1eM3haPOxg94KonlnmODsdbyQ7_mD','IkKMCESH0AVPfohYAUvvpKfAczwsEk7bf_13Ja6c','1234',NULL,NULL,'12345677713@test.com',1,1477423870,1477423870,NULL);
/*!40000 ALTER TABLE `user` ENABLE KEYS */;
UNLOCK TABLES;

--
-- Table structure for table `user_profile`
--

DROP TABLE IF EXISTS `user_profile`;
/*!40101 SET @saved_cs_client     = @@character_set_client */;
/*!40101 SET character_set_client = utf8 */;
CREATE TABLE `user_profile` (
  `user_id` int(11) NOT NULL AUTO_INCREMENT,
  `firstname` varchar(255) COLLATE utf8_unicode_ci DEFAULT NULL,
  `middlename` varchar(255) COLLATE utf8_unicode_ci DEFAULT NULL,
  `lastname` varchar(255) COLLATE utf8_unicode_ci DEFAULT NULL,
  `avatar_path` varchar(255) COLLATE utf8_unicode_ci DEFAULT NULL,
  `avatar_base_url` varchar(255) COLLATE utf8_unicode_ci DEFAULT NULL,
  `locale` varchar(32) COLLATE utf8_unicode_ci NOT NULL,
  `gender` smallint(1) DEFAULT NULL,
  PRIMARY KEY (`user_id`),
  CONSTRAINT `fk_user` FOREIGN KEY (`user_id`) REFERENCES `user` (`id`) ON DELETE CASCADE ON UPDATE CASCADE
) ENGINE=InnoDB AUTO_INCREMENT=4 DEFAULT CHARSET=utf8 COLLATE=utf8_unicode_ci;
/*!40101 SET character_set_client = @saved_cs_client */;

--
-- Dumping data for table `user_profile`
--

LOCK TABLES `user_profile` WRITE;
/*!40000 ALTER TABLE `user_profile` DISABLE KEYS */;
INSERT INTO `user_profile` (`user_id`, `firstname`, `middlename`, `lastname`, `avatar_path`, `avatar_base_url`, `locale`, `gender`) VALUES (1,'John',NULL,'Doe',NULL,NULL,'en-US',NULL),(2,NULL,NULL,NULL,NULL,NULL,'en-US',NULL),(3,NULL,NULL,NULL,NULL,NULL,'en-US',NULL);
/*!40000 ALTER TABLE `user_profile` ENABLE KEYS */;
UNLOCK TABLES;

--
-- Table structure for table `user_token`
--

DROP TABLE IF EXISTS `user_token`;
/*!40101 SET @saved_cs_client     = @@character_set_client */;
/*!40101 SET character_set_client = utf8 */;
CREATE TABLE `user_token` (
  `id` int(11) NOT NULL AUTO_INCREMENT,
  `user_id` int(11) NOT NULL,
  `type` varchar(255) NOT NULL,
  `token` varchar(40) NOT NULL,
  `expire_at` int(11) DEFAULT NULL,
  `created_at` int(11) DEFAULT NULL,
  `updated_at` int(11) DEFAULT NULL,
  PRIMARY KEY (`id`)
) ENGINE=InnoDB DEFAULT CHARSET=latin1;
/*!40101 SET character_set_client = @saved_cs_client */;

--
-- Dumping data for table `user_token`
--

LOCK TABLES `user_token` WRITE;
/*!40000 ALTER TABLE `user_token` DISABLE KEYS */;
/*!40000 ALTER TABLE `user_token` ENABLE KEYS */;
UNLOCK TABLES;

--
-- Table structure for table `widget_carousel`
--

DROP TABLE IF EXISTS `widget_carousel`;
/*!40101 SET @saved_cs_client     = @@character_set_client */;
/*!40101 SET character_set_client = utf8 */;
CREATE TABLE `widget_carousel` (
  `id` int(11) NOT NULL AUTO_INCREMENT,
  `key` varchar(255) COLLATE utf8_unicode_ci NOT NULL,
  `status` smallint(6) DEFAULT '0',
  PRIMARY KEY (`id`)
) ENGINE=InnoDB AUTO_INCREMENT=2 DEFAULT CHARSET=utf8 COLLATE=utf8_unicode_ci;
/*!40101 SET character_set_client = @saved_cs_client */;

--
-- Dumping data for table `widget_carousel`
--

LOCK TABLES `widget_carousel` WRITE;
/*!40000 ALTER TABLE `widget_carousel` DISABLE KEYS */;
INSERT INTO `widget_carousel` (`id`, `key`, `status`) VALUES (1,'index',1);
/*!40000 ALTER TABLE `widget_carousel` ENABLE KEYS */;
UNLOCK TABLES;

--
-- Table structure for table `widget_carousel_item`
--

DROP TABLE IF EXISTS `widget_carousel_item`;
/*!40101 SET @saved_cs_client     = @@character_set_client */;
/*!40101 SET character_set_client = utf8 */;
CREATE TABLE `widget_carousel_item` (
  `id` int(11) NOT NULL AUTO_INCREMENT,
  `carousel_id` int(11) NOT NULL,
  `base_url` varchar(1024) COLLATE utf8_unicode_ci DEFAULT NULL,
  `path` varchar(1024) COLLATE utf8_unicode_ci DEFAULT NULL,
  `type` varchar(255) COLLATE utf8_unicode_ci DEFAULT NULL,
  `url` varchar(1024) COLLATE utf8_unicode_ci DEFAULT NULL,
  `caption` varchar(1024) COLLATE utf8_unicode_ci DEFAULT NULL,
  `status` smallint(6) NOT NULL DEFAULT '0',
  `order` int(11) DEFAULT '0',
  `created_at` int(11) DEFAULT NULL,
  `updated_at` int(11) DEFAULT NULL,
  PRIMARY KEY (`id`),
  KEY `fk_item_carousel` (`carousel_id`),
  CONSTRAINT `fk_item_carousel` FOREIGN KEY (`carousel_id`) REFERENCES `widget_carousel` (`id`) ON DELETE CASCADE ON UPDATE CASCADE
) ENGINE=InnoDB AUTO_INCREMENT=2 DEFAULT CHARSET=utf8 COLLATE=utf8_unicode_ci;
/*!40101 SET character_set_client = @saved_cs_client */;

--
-- Dumping data for table `widget_carousel_item`
--

LOCK TABLES `widget_carousel_item` WRITE;
/*!40000 ALTER TABLE `widget_carousel_item` DISABLE KEYS */;
INSERT INTO `widget_carousel_item` (`id`, `carousel_id`, `base_url`, `path`, `type`, `url`, `caption`, `status`, `order`, `created_at`, `updated_at`) VALUES (1,1,'','img/yii2-starter-kit.gif','image/gif','/',NULL,1,0,NULL,NULL);
/*!40000 ALTER TABLE `widget_carousel_item` ENABLE KEYS */;
UNLOCK TABLES;

--
-- Table structure for table `widget_menu`
--

DROP TABLE IF EXISTS `widget_menu`;
/*!40101 SET @saved_cs_client     = @@character_set_client */;
/*!40101 SET character_set_client = utf8 */;
CREATE TABLE `widget_menu` (
  `id` int(11) NOT NULL AUTO_INCREMENT,
  `key` varchar(32) COLLATE utf8_unicode_ci NOT NULL,
  `title` varchar(255) COLLATE utf8_unicode_ci NOT NULL,
  `items` text COLLATE utf8_unicode_ci NOT NULL,
  `status` smallint(6) NOT NULL DEFAULT '0',
  PRIMARY KEY (`id`)
) ENGINE=InnoDB AUTO_INCREMENT=2 DEFAULT CHARSET=utf8 COLLATE=utf8_unicode_ci;
/*!40101 SET character_set_client = @saved_cs_client */;

--
-- Dumping data for table `widget_menu`
--

LOCK TABLES `widget_menu` WRITE;
/*!40000 ALTER TABLE `widget_menu` DISABLE KEYS */;
INSERT INTO `widget_menu` (`id`, `key`, `title`, `items`, `status`) VALUES (1,'frontend-index','Frontend index menu','[\n    {\n        \"label\": \"Get started with Yii2\",\n        \"url\": \"http://www.yiiframework.com\",\n        \"options\": {\n            \"tag\": \"span\"\n        },\n        \"template\": \"<a href=\\\"{url}\\\" class=\\\"btn btn-lg btn-success\\\">{label}</a>\"\n    },\n    {\n        \"label\": \"Yii2 Starter Kit on GitHub\",\n        \"url\": \"https://github.com/trntv/yii2-starter-kit\",\n        \"options\": {\n            \"tag\": \"span\"\n        },\n        \"template\": \"<a href=\\\"{url}\\\" class=\\\"btn btn-lg btn-primary\\\">{label}</a>\"\n    },\n    {\n        \"label\": \"Find a bug?\",\n        \"url\": \"https://github.com/trntv/yii2-starter-kit/issues\",\n        \"options\": {\n            \"tag\": \"span\"\n        },\n        \"template\": \"<a href=\\\"{url}\\\" class=\\\"btn btn-lg btn-danger\\\">{label}</a>\"\n    }\n]',1);
/*!40000 ALTER TABLE `widget_menu` ENABLE KEYS */;
UNLOCK TABLES;

--
-- Table structure for table `widget_text`
--

DROP TABLE IF EXISTS `widget_text`;
/*!40101 SET @saved_cs_client     = @@character_set_client */;
/*!40101 SET character_set_client = utf8 */;
CREATE TABLE `widget_text` (
  `id` int(11) NOT NULL AUTO_INCREMENT,
  `key` varchar(255) COLLATE utf8_unicode_ci NOT NULL,
  `title` varchar(255) COLLATE utf8_unicode_ci NOT NULL,
  `body` text COLLATE utf8_unicode_ci NOT NULL,
  `status` smallint(6) DEFAULT NULL,
  `created_at` int(11) DEFAULT NULL,
  `updated_at` int(11) DEFAULT NULL,
  PRIMARY KEY (`id`),
  KEY `idx_widget_text_key` (`key`)
) ENGINE=InnoDB AUTO_INCREMENT=3 DEFAULT CHARSET=utf8 COLLATE=utf8_unicode_ci;
/*!40101 SET character_set_client = @saved_cs_client */;

--
-- Dumping data for table `widget_text`
--

LOCK TABLES `widget_text` WRITE;
/*!40000 ALTER TABLE `widget_text` DISABLE KEYS */;
INSERT INTO `widget_text` (`id`, `key`, `title`, `body`, `status`, `created_at`, `updated_at`) VALUES (1,'backend_welcome','Welcome to backend','<p>Welcome to Yii2 Starter Kit Dashboard</p>',1,1477423860,1477423860),(2,'ads-example','Google Ads Example Block','<div class=\"lead\">\n                <script async src=\"//pagead2.googlesyndication.com/pagead/js/adsbygoogle.js\"></script>\n                <ins class=\"adsbygoogle\"\n                     style=\"display:block\"\n                     data-ad-client=\"ca-pub-9505937224921657\"\n                     data-ad-slot=\"2264361777\"\n                     data-ad-format=\"auto\"></ins>\n                <script>\n                (adsbygoogle = window.adsbygoogle || []).push({});\n                </script>\n            </div>',0,1477423860,1477423860);
/*!40000 ALTER TABLE `widget_text` ENABLE KEYS */;
UNLOCK TABLES;

--
-- Dumping events for database 'yii2-starter-kit-test'
--

--
-- Dumping routines for database 'yii2-starter-kit-test'
--
/*!40103 SET TIME_ZONE=@OLD_TIME_ZONE */;

/*!40101 SET SQL_MODE=@OLD_SQL_MODE */;
/*!40014 SET FOREIGN_KEY_CHECKS=@OLD_FOREIGN_KEY_CHECKS */;
/*!40014 SET UNIQUE_CHECKS=@OLD_UNIQUE_CHECKS */;
/*!40101 SET CHARACTER_SET_CLIENT=@OLD_CHARACTER_SET_CLIENT */;
/*!40101 SET CHARACTER_SET_RESULTS=@OLD_CHARACTER_SET_RESULTS */;
/*!40101 SET COLLATION_CONNECTION=@OLD_COLLATION_CONNECTION */;
/*!40111 SET SQL_NOTES=@OLD_SQL_NOTES */;

-- Dump completed on 2016-10-25 15:34:51
